{
"ItemsForSale" : [
  {
    "itemName": "Denim jacket",
    "itemPrice": 70.00
  },
  {
    "itemName": "Green jacket",
    "itemPrice": 100.00
  },
  {
    "itemName": "Khaki jacket",
    "itemPrice": 90.00
  },
  {
    "itemName": "Leather jacket",
    "itemPrice": 180.00
  },
  {
    "itemName": "Coloured pants",
    "itemPrice": 120.00
  },
  {
    "itemName": "Denim pants",
    "itemPrice": 100.00
  },
  {
    "itemName": "Khaki pants",
    "itemPrice": 80.00
  },
  {
    "itemName": "Leather pants",
    "itemPrice": 150.00
  },
  {
    "itemName": "Brown sweather",
    "itemPrice": 110.00
  },
  {
    "itemName": "Gray sweather",
    "itemPrice": 90.00
  },
  {
    "itemName": "Green sweather",
    "itemPrice": 120.00
  },
  {
    "itemName": "Khaki sweather",
    "itemPrice": 130.00
  }
]
}